Workbook

Sheet GSE35192
A1: Column1 | B1: Ensembl_ID | C1: Regulation | D1: PBS_1 | E1: PBS_2 | F1: PBS_3 | G1: PBS_4 | H1: PBS_5 | I1: PBS_6 | J1: CVB3_1 | K1: CVB3_2 | L1: CVB3_3 | M1: CVB3_4 | N1: CVB3_5 | O1: CVB3_6 | P1: Adj P | Q1: Log2FC
A2: Ccl8 | B2: ENSMUSG00000009185 | C2: Up | D2: 4.1069 | E2: 4.15382 | F2: 4.60538 | G2: 4.58434 | H2: 4.407 | I2: 3.89722 | J2: 8.23425 | K2: 7.10983 | L2: 6.64488 | M2: 7.8129 | N2: 7.07789 | O2: 8.69405 | P2: 1.5363127e-05 | Q2: 3.30319
A3: Ccr2 | B3: ENSMUSG00000049103 | C3: Up | D3: 4.54706 | E3: 4.43309 | F3: 4.54251 | G3: 4.63288 | H3: 4.40483 | I3: 4.6258 | J3: 8.46649 | K3: 7.3524 | L3: 6.73418 | M3: 7.24528 | N3: 7.16411 | O3: 8.22634 | P3: 1.527808e-05 | Q3: 3.0004383
A4: Ccr5 | B4: ENSMUSG00000079227 | C4: Up | D4: 5.84382 | E4: 5.80229 | F4: 5.61604 | G4: 5.87411 | H4: 5.39835 | I4: 5.7727 | J4: 9.10723 | K4: 7.8835 | L4: 7.6596 | M4: 8.29752 | N4: 7.99339 | O4: 9.17817 | P4: 1.5710531e-05 | Q4: 2.63535
A5: Cxcl9 | B5: ENSMUSG00000029417 | C5: Up | D5: 5.2269 | E5: 4.78852 | F5: 5.25518 | G5: 4.63148 | H5: 4.26693 | I5: 4.55291 | J5: 8.69757 | K5: 6.85064 | L5: 6.94169 | M5: 7.44808 | N5: 6.46996 | O5: 7.79137 | P5: 0.00014746115 | Q5: 2.579565
A6: Cxcl10 | B6: ENSMUSG00000034855 | C6: Up | D6: 4.92694 | E6: 5.32775 | F6: 5.15205 | G6: 4.87457 | H6: 4.98314 | I6: 5.1733 | J6: 8.75771 | K6: 6.8792 | L6: 7.3466 | M6: 7.02591 | N6: 6.98956 | O6: 8.02694 | P6: 7.5372051e-05 | Q6: 2.4313617
A7: Ccl3 | B7: ENSMUSG00000000982 | C7: Up | D7: 5.09971 | E7: 4.86651 | F7: 5.13969 | G7: 4.81819 | H7: 4.68009 | I7: 4.7085 | J7: 7.62399 | K7: 6.33273 | L7: 6.39305 | M7: 6.62982 | N7: 6.72262 | O7: 7.52236 | P7: 6.0734935e-05 | Q7: 1.9853133
A8: Ccl12 | B8: ENSMUSG00000035352 | C8: Up | D8: 4.74162 | E8: 5.12967 | F8: 4.65005 | G8: 4.99802 | H8: 4.66667 | I8: 4.93917 | J8: 6.91111 | K8: 5.87261 | L8: 5.83887 | M8: 6.30292 | N8: 6.50017 | O8: 7.20937 | P8: 0.00026360408 | Q8: 1.584975
A9: Il2rb | B9: ENSMUSG00000068227 | C9: Up | D9: 5.28996 | E9: 5.34408 | F9: 5.05677 | G9: 5.02643 | H9: 4.86062 | I9: 5.1429 | J9: 7.36007 | K9: 6.43891 | L9: 5.91149 | M9: 6.84418 | N9: 6.01016 | O9: 6.8864 | P9: 0.00052559898 | Q9: 1.455075
A10: Il10ra | B10: ENSMUSG00000032089 | C10: Up | D10: 6.39355 | E10: 6.25381 | F10: 6.48841 | G10: 6.32342 | H10: 6.417 | I10: 6.30205 | J10: 8.20778 | K10: 7.4561 | L10: 7.14079 | M10: 7.68123 | N10: 7.2488 | O10: 8.06217 | P10: 0.00018798093 | Q10: 1.2697717
A11: Ccl7 | B11: ENSMUSG00000035373 | C11: Up | D11: 5.54686 | E11: 5.82813 | F11: 5.5871 | G11: 5.9121 | H11: 5.89787 | I11: 6.03771 | J11: 7.402 | K11: 6.36559 | L11: 6.47181 | M11: 6.54884 | N11: 7.1708 | O11: 7.98086 | P11: 0.004642207 | Q11: 1.188355
A12: Il18rap | B12: ENSMUSG00000026068 | C12: Up | D12: 4.67251 | E12: 4.97668 | F12: 4.58081 | G12: 4.69083 | H12: 4.8052 | I12: 4.74667 | J12: 6.15394 | K12: 6.01225 | L12: 5.23994 | M12: 6.29883 | N12: 5.42058 | O12: 6.3937 | P12: 0.00077213599 | Q12: 1.1744233
A13: Cxcr3 | B13: ENSMUSG00000050232 | C13: Up | D13: 5.56243 | E13: 5.73993 | F13: 5.55902 | G13: 5.61 | H13: 5.66524 | I13: 5.54055 | J13: 7.43509 | K13: 6.72082 | L13: 6.46199 | M13: 6.84274 | N13: 6.06948 | O13: 7.17076 | P13: 0.0007706494 | Q13: 1.1706183
... A15: Tnfrsf1b | B15: ENSMUSG00000028599 | C15: Up | D15: 7.43654 | E15: 7.43843 | F15: 7.5246 | G15: 7.51029 | H15: 7.51509 | I15: 7.63884 | J15: 9.14693 | K15: 8.21881 | L15: 8.11662 | M15: 8.65592 | N15: 8.10399 | O15: 9.1097 | P15: 0.0015663148 | Q15: 1.04803

Sheet GSE19496
A1: Column1 | B1: Ensembl_ID | C1: Regulation | D1: PBS_1 | E1: PBS_2 | F1: PBS_3 | G1: PBS_4 | H1: PBS_5 | I1: PBS_6 | J1: PBS_7 | K1: PBS_8 | L1: PBS_9 | M1: PBS_10 | N1: PBS_11 | O1: PBS_12 | P1: CVB3_1 | Q1: CVB3_2 | R1: CVB3_3 | S1: CVB3_4 | T1: CVB3_5 | U1: CVB3_6 | V1: CVB3_7 | W1: CVB3_8 | X1: CVB3_9 | Y1: CVB3_10 | Z1: CVB3_11 | AA1: CVB3_12 | AB1: Adj P | AC1: Log2FC
A2: Cxcl10 | B2: ENSMUSG00000034855 | C2: Up | D2: 3.679001 | E2: 3.55712 | F2: 3.451903 | G2: 4.636712 | H2: 5.23431 | I2: 3.837102 | J2: 3.078321 | K2: 2.81937 | L2: 4.09605 | M2: 3.629298 | N2: 3.196419 | O2: 4.362728 | P2: 9.92464 | Q2: 9.809012 | R2: 10.83386 | S2: 10.82006 | T2: 11.84433 | U2: 10.75323 | V2: 10.83389 | W2: 10.36143 | X2: 10.12786 | Y2: 10.4747 | Z2: 10.51674 | AA2: 11.01507 | AB2: 5.6757509e-17 | AC2: 6.811374
A3: Ccl2 | B3: ENSMUSG00000035385 | C3: Up | D3: 3.965974 | E3: 3.8643 | F3: 3.801343 | G3: 5.736123 | H3: 5.695053 | I3: 4.715109 | J3: 3.756465 | K3: 3.423599 | L3: 3.900927 | M3: 2.632544 | N3: 4.068484 | O3: 2.71777 | P3: 10.72473 | Q3: 7.689186 | R3: 11.31157 | S3: 10.04896 | T3: 11.43754 | U3: 10.5377 | V3: 9.315921 | W3: 9.827843 | X3: 9.825826 | Y3: 10.85627 | Z3: 10.93846 | AA3: 11.05896 | AB3: 1.3286561e-12 | AC3: 6.2746062
A4: Ccl5 | B4: ENSMUSG00000035042 | C4: Up | D4: 5.838995 | E4: 5.488177 | F4: 5.92636 | G4: 7.50128 | H4: 7.580122 | I4: 6.802401 | J4: 4.882608 | K4: 3.775749 | L4: 5.525078 | M4: 6.231719 | N4: 5.572215 | O4: 6.622128 | P4: 10.07327 | Q4: 9.554214 | R4: 9.746515 | S4: 13.28443 | T4: 13.03633 | U4: 13.12473 | V4: 13.17259 | W4: 12.91461 | X4: 12.69452 | Y4: 12.65202 | Z4: 12.46869 | AA4: 10.95783 | AB4: 2.4270911e-10 | AC4: 5.9944097
A5: Ccl4 | B5: ENSMUSG00000018930 | C5: Up | D5: 6.149229 | E5: 6.282371 | F5: 6.732971 | G5: 6.657255 | H5: 6.458295 | I5: 6.769838 | J5: 4.230562 | K5: 4.60449 | L5: 4.606245 | M5: 4.032063 | N5: 4.067749 | O5: 4.274003 | P5: 9.655231 | Q5: 8.979158 | R5: 11.12001 | S5: 11.93572 | T5: 12.2697 | U5: 11.81036 | V5: 11.0454 | W5: 10.58707 | X5: 10.5846 | Y5: 10.61493 | Z5: 10.84329 | AA5: 10.17289 | AB5: 6.6440097e-11 | AC5: 5.3961073
A6: Ccl7 | B6: ENSMUSG00000035373 | C6: Up | D6: 6.713745 | E6: 6.889841 | F6: 7.36748 | G6: 8.510201 | H6: 8.329041 | I6: 8.052849 | J6: 6.515803 | K6: 6.905987 | L6: 6.411193 | M6: 5.839233 | N6: 5.716686 | O6: 6.157954 | P6: 12.27339 | Q6: 10.28277 | R6: 13.17854 | S6: 12.52148 | T6: 13.31808 | U6: 12.76634 | V6: 11.60905 | W6: 12.01849 | X6: 12.06492 | Y6: 12.37312 | Z6: 12.55113 | AA6: 12.59541 | AB6: 1.8490216e-12 | AC6: 5.3452256
A7: Ccl3 | B7: ENSMUSG00000000982 | C7: Up | D7: 3.732863 | E7: 4.373143 | F7: 4.269202 | G7: 4.259316 | H7: 3.762054 | I7: 3.364724 | J7: 2.268454 | K7: 2.646418 | L7: 2.379925 | M7: 3.328844 | N7: 2.473692 | O7: 2.475414 | P7: 7.399428 | Q7: 6.432254 | R7: 8.221992 | S7: 9.009898 | T7: 9.419526 | U7: 9.101064 | V7: 8.327537 | W7: 8.00939 | X7: 7.838506 | Y7: 7.643233 | Z7: 8.122937 | AA7: 7.387201 | AB7: 6.2686243e-12 | AC7: 4.7982431
A8: Cxcl13 | B8: ENSMUSG00000023078 | C8: Up | D8: 8.013407 | E8: 2.986231 | F8: 2.994855 | G8: 3.65405 | H8: 5.057184 | I8: 4.79107 | J8: 2.334188 | K8: 1.884641 | L8: 1.871965 | M8: 2.459886 | N8: 2.294376 | O8: 2.194276 | P8: 7.930169 | Q8: 9.328084 | R8: 8.056357 | S8: 5.838613 | T8: 6.228478 | U8: 11.73558 | V8: 6.356177 | W8: 6.098419 | X8: 6.545989 | Y8: 6.325023 | Z8: 6.889592 | AA8: 6.344585 | AB8: 7.0613455e-05 | AC8: 3.9284114
A9: Ccl19 | B9: ENSMUSG00000071005 | C9: Up | D9: 3.962903 | E9: 4.145027 | F9: 4.920995 | G9: 6.902442 | H9: 6.685474 | I9: 6.869588 | J9: 5.198454 | K9: 4.906309 | L9: 5.131039 | M9: 5.649646 | N9: 3.676479 | O9: 4.955363 | P9: 6.012234 | Q9: 5.859959 | R9: 7.092986 | S9: 9.478674 | T9: 9.915053 | U9: 9.301248 | V9: 10.03479 | W9: 9.964456 | X9: 9.925991 | Y9: 9.794641 | Z9: 9.415395 | AA9: 8.354978 | AB9: 9.0326816e-06 | AC9: 3.5122238
A10: Cxcl1 | B10: ENSMUSG00000029380 | C10: Up | D10: 7.109701 | E10: 8.055376 | F10: 8.327415 | G10: 7.61445 | H10: 7.666294 | I10: 6.94107 | J10: 5.984258 | K10: 6.608229 | L10: 6.009306 | M10: 5.98895 | N10: 6.646306 | O10: 5.592978 | P10: 13.16141 | Q10: 10.2054 | R10: 12.68452 | S10: 11.15447 | T10: 11.52632 | U10: 10.55583 | V10: 7.802626 | W10: 8.909297 | X10: 9.184215 | Y10: 9.143141 | Z10: 9.922915 | AA10: 9.554932 | AB10: 6.0334769e-06 | AC10: 3.4383953
A11: Ccl8 | B11: ENSMUSG00000009185 | C11: Up | D11: 5.819288 | E11: 5.518489 | F11: 7.822567 | G11: 6.814776 | H11: 6.434487 | I11: 6.003983 | J11: 3.167085 | K11: 2.633038 | L11: 3.416162 | M11: 2.727798 | N11: 2.617947 | O11: 2.985434 | P11: 7.176524 | Q11: 8.145556 | R11: 9.165895 | S11: 8.844148 | T11: 8.562103 | U11: 8.343746 | V11: 7.246231 | W11: 7.244695 | X11: 7.421389 | Y11: 7.491553 | Z11: 7.374599 | AA11: 6.695538 | AB11: 0.00011606699 | AC11: 3.1459103
A12: Ccl12 | B12: ENSMUSG00000035352 | C12: Up | D12: 7.219018 | E12: 7.944047 | F12: 7.635553 | G12: 8.770044 | H12: 8.396864 | I12: 7.931365 | J12: 6.092378 | K12: 6.922506 | L12: 6.385633 | M12: 6.301167 | N12: 6.338306 | O12: 6.576971 | P12: 7.918668 | Q12: 8.916939 | R12: 10.80445 | S12: 11.19346 | T12: 11.64915 | U12: 11.34657 | V12: 10.64829 | W12: 10.33684 | X12: 10.22056 | Y12: 10.21671 | Z12: 10.14418 | AA12: 10.01796 | AB12: 5.1909525e-07 | AC12: 3.0749937
A13: Cxcl9 | B13: ENSMUSG00000029417 | C13: Up | D13: 8.161982 | E13: 8.43314 | F13: 8.128764 | G13: 9.190133 | H13: 9.731312 | I13: 9.578144 | J13: 7.863133 | K13: 8.604587 | L13: 8.181404 | M13: 8.331323 | N13: 8.115845 | O13: 8.304748 | P13: 8.57174 | Q13: 10.42906 | R13: 10.21609 | S13: 12.4393 | T13: 12.29733 | U13: 12.07158 | V13: 12.40951 | W13: 11.61987 | X13: 11.27422 | Y13: 11.39397 | Z13: 11.22957 | AA13: 10.7414 | AB13: 1.6207585e-06 | AC13: 2.6724271
... A27: Tnfsf10 | B27: ENSMUSG00000039304 | C27: Up | D27: 7.627724 | E27: 7.622294 | F27: 7.670067 | G27: 7.740807 | H27: 7.422027 | I27: 7.752008 | J27: 6.681165 | K27: 7.041954 | L27: 6.548813 | M27: 6.797221 | N27: 6.931352 | O27: 7.145818 | P27: 6.841069 | Q27: 8.529508 | R27: 8.085595 | S27: 8.444692 | T27: 8.812742 | U27: 8.466317 | V27: 8.826563 | W27: 8.225132 | X27: 7.927572 | Y27: 8.397116 | Z27: 8.183098 | AA27: 8.705424 | AB27: 0.00051391863 | AC27: 1.0386315

Sheet GSE248521
A1: Gene.Symbol | B1: Ensembl_ID | C1: Regulation | D1: sham_1 | E1: sham_2 | F1: sham_3 | G1: sham_4 | H1: sham_5 | I1: sham_6 | J1: CVB3_1 | K1: CVB3_2 | L1: CVB3_3 | M1: CVB3_4 | N1: CVB3_5 | O1: CVB3_6 | P1: Adj P | Q1: Log2FC
A2: Ccl3 | B2: ENSMUSG00000000982 | C2: Up | D2: 2 | E2: 2 | F2: 2 | G2: 2 | H2: 2 | I2: 2.2802159 | J2: 3.4400064 | K2: 3.1122354 | L2: 2.2545154 | M2: 2.4813727 | N2: 2.9377718 | O2: 3.8273305 | P2: 0.0097171379 | Q2: 3.7448662
A3: Ccl5 | B3: ENSMUSG00000035042 | C3: Up | D3: 4.9962842 | E3: 4.4010486 | F3: 4.4042968 | G3: 3.9362678 | H3: 4.0794981 | I3: 3.7476634 | J3: 6.6096378 | K3: 7.7037473 | L3: 6.5472309 | M3: 6.3369591 | N3: 6.4632334 | O3: 7.8142601 | P3: 1.0934166e-17 | Q3: 3.1679378
A4: Ccl8 | B4: ENSMUSG00000009185 | C4: Up | D4: 2 | E4: 3.1527618 | F4: 2.293945 | G4: 3.3621248 | H4: 3.5538328 | I4: 2.5147567 | J4: 4.6622101 | K4: 5.9012668 | L4: 4.1611875 | M4: 4.4737405 | N4: 4.3817292 | O4: 6.2562469 | P4: 7.7590843e-06 | Q4: 3.019838
A5: Ccl12 | B5: ENSMUSG00000035352 | C5: Up | D5: 3.7339937 | E5: 3.1527618 | F5: 3.3684426 | G5: 2 | H5: 3.5538328 | I5: 2.2802159 | J5: 5.286358 | K5: 5.4429873 | L5: 4.097575 | M5: 4.2517732 | N5: 4.2210325 | O5: 6.4368734 | P5: 4.1660399e-05 | Q5: 2.9612145
A6: Cxcl10 | B6: ENSMUSG00000034855 | C6: Up | D6: 5.365398 | E6: 4.0209388 | F6: 3.7048195 | G6: 3.677571 | H6: 3.75111 | I6: 3.3222951 | J6: 5.3947738 | K6: 7.1795657 | L6: 4.4429444 | M6: 4.9510682 | N6: 5.6480224 | O6: 7.7182712 | P6: 0.0010019743 | Q6: 2.7851598
A7: Ccl4 | B7: ENSMUSG00000018930 | C7: Up | D7: 2 | E7: 2.2677138 | F7: 2.293945 | G7: 2.3941047 | H7: 2.8956339 | I7: 2 | J7: 3.7968686 | K7: 4.226214 | L7: 2.4707918 | M7: 2.9928979 | N7: 2.4501972 | O7: 4.4401177 | P7: 0.023666898 | Q7: 2.6512925
A8: Ccl2 | B8: ENSMUSG00000035385 | C8: Up | D8: 2 | E8: 3.9465735 | F8: 3.6011703 | G8: 3.5284523 | H8: 4.6730293 | I8: 4.0757547 | J8: 6.5167183 | K8: 6.8521629 | L8: 4.3908241 | M8: 4.4213676 | N8: 4.7781311 | O8: 7.3328923 | P8: 0.0025474058 | Q8: 2.6140611
A9: Ccl7 | B9: ENSMUSG00000035373 | C9: Up | D9: 4.9962842 | E9: 4.2851276 | F9: 3.6011703 | G9: 4.0500733 | H9: 4.4639473 | I9: 3.8369417 | J9: 6.2968296 | K9: 6.7520499 | L9: 4.6785628 | M9: 5.1248893 | N9: 5.4202149 | O9: 7.3940018 | P9: 1.0875324e-05 | Q9: 2.385778
A10: Ccr1 | B10: ENSMUSG00000025804 | C10: Up | D10: 2 | E10: 2.2677138 | F10: 3.4894942 | G10: 2.3941047 | H10: 2 | I10: 2.7164464 | J10: 4.206893 | K10: 4.3950481 | L10: 3.1094339 | M10: 3.3697656 | N10: 2.792817 | O10: 4.6703624 | P10: 0.022750678 | Q10: 2.2636106
A11: Ccr2 | B11: ENSMUSG00000049103 | C11: Up | D11: 3.7339937 | E11: 2.8604417 | F11: 3.236296 | G11: 3.3621248 | H11: 3.9246275 | I11: 2.5147567 | J11: 4.786825 | K11: 5.0962151 | L11: 3.4522867 | M11: 3.9893337 | N11: 3.5013805 | O11: 4.6082406 | P11: 0.026339955 | Q11: 1.55636
A12: Il10ra | B12: ENSMUSG00000032089 | C12: Up | D12: 3.7339937 | E12: 3.5033929 | F12: 2.9289975 | G12: 3.8127102 | H12: 3.75111 | I12: 3.6524938 | J12: 4.9015268 | K12: 5.0293566 | L12: 3.9612618 | M12: 4.4213676 | N12: 4.3301272 | O12: 5.1777323 | P12: 0.0011910634 | Q12: 1.5053525
A13: Ccl9 | B13: ENSMUSG00000019122 | C13: Up | D13: 4.9962842 | E13: 5.128977 | F13: 4.7815048 | G13: 4.9838225 | H13: 5.6070997 | I13: 5.0880026 | J13: 6.8284047 | K13: 7.2025069 | L13: 5.8585227 | M13: 5.4464925 | N13: 4.9244963 | O13: 7.0174971 | P13: 0.0032548383 | Q13: 1.4165721
... A15: Cxcl9 | B15: ENSMUSG00000029417 | C15: Up | D15: 6.1114752 | E15: 4.7016068 | F15: 5.0010154 | G15: 4.9253666 | H15: 4.4639473 | I15: 4.619422 | J15: 4.9378199 | K15: 6.4789544 | L15: 5.3859572 | M15: 5.1572747 | N15: 5.4924115 | O15: 7.1156561 | P15: 0.033904779 | Q15: 1.1885578

Sheet Combined_Sheets
B1: GSE35192 | C1: GSE19496 | D1: GSE248521 | E1: Total Shared Per Gene | F1: Named TSPG | G1: Sig1 Log2FC | H1: Sig2 Log2FC | I1: Sig RNA-Seq Log2FC
A2: {=_xlfn._xlws.SORT(_xlfn.UNIQUE(_xlfn.VSTACK('GSE35192'!A2:A15, 'GSE19496'!A2:A27, 'GSE248521'!A2:A15)))} -> Ccl11 | B2: =IF(ISNUMBER(MATCH($A2, 'GSE35192'!$A:$A, 0)), 1, 0) -> 0 | C2: =IF(ISNUMBER(MATCH($A2, 'GSE19496'!$A:$A, 0)), 1, 0) -> 1 | D2: =IF(ISNUMBER(MATCH($A2, 'GSE248521'!$A:$A, 0)), 1, 0) -> 0 | E2: =SUM(B2:D2) -> 1 | F2: =_xlfn.TEXTJOIN("+", TRUE, IF(B2=1,"Sig1",""), IF(C2=1,"Sig2",""), IF(D2=1,"SigRNA-Seq","")) -> Sig2 | G2: =IFERROR(_xlfn.XLOOKUP($A2, 'GSE35192'!$A:$A, 'GSE35192'!$Q:$Q), "") | H2: =IFERROR(_xlfn.XLOOKUP($A2, 'GSE19496'!$A:$A, 'GSE19496'!$AC:$AC), "") -> 2.5521649 | I2: =IFERROR(_xlfn.XLOOKUP($A2, 'GSE248521'!$A:$A, 'GSE248521'!$Q:$Q), "")
A3: Ccl12 | B3: =IF(ISNUMBER(MATCH($A3, 'GSE35192'!$A:$A, 0)), 1, 0) -> 1 | C3: =IF(ISNUMBER(MATCH($A3, 'GSE19496'!$A:$A, 0)), 1, 0) -> 1 | D3: =IF(ISNUMBER(MATCH($A3, 'GSE248521'!$A:$A, 0)), 1, 0) -> 1 | E3: =SUM(B3:D3) -> 3 | F3: =_xlfn.TEXTJOIN("+", TRUE, IF(B3=1,"Sig1",""), IF(C3=1,"Sig2",""), IF(D3=1,"SigRNA-Seq","")) -> Sig1+Sig2+SigRNA-Seq | G3: =IFERROR(_xlfn.XLOOKUP($A3, 'GSE35192'!$A:$A, 'GSE35192'!$Q:$Q), "") -> 1.584975 | H3: =IFERROR(_xlfn.XLOOKUP($A3, 'GSE19496'!$A:$A, 'GSE19496'!$AC:$AC), "") -> 3.0749937 | I3: =IFERROR(_xlfn.XLOOKUP($A3, 'GSE248521'!$A:$A, 'GSE248521'!$Q:$Q), "") -> 2.9612145
A4: Ccl19 | B4: =IF(ISNUMBER(MATCH($A4, 'GSE35192'!$A:$A, 0)), 1, 0) -> 0 | C4: =IF(ISNUMBER(MATCH($A4, 'GSE19496'!$A:$A, 0)), 1, 0) -> 1 | D4: =IF(ISNUMBER(MATCH($A4, 'GSE248521'!$A:$A, 0)), 1, 0) -> 0 | E4: =SUM(B4:D4) -> 1 | F4: =_xlfn.TEXTJOIN("+", TRUE, IF(B4=1,"Sig1",""), IF(C4=1,"Sig2",""), IF(D4=1,"SigRNA-Seq","")) -> Sig2 | G4: =IFERROR(_xlfn.XLOOKUP($A4, 'GSE35192'!$A:$A, 'GSE35192'!$Q:$Q), "") | H4: =IFERROR(_xlfn.XLOOKUP($A4, 'GSE19496'!$A:$A, 'GSE19496'!$AC:$AC), "") -> 3.5122238 | I4: =IFERROR(_xlfn.XLOOKUP($A4, 'GSE248521'!$A:$A, 'GSE248521'!$Q:$Q), "")
A5: Ccl2 | B5: =IF(ISNUMBER(MATCH($A5, 'GSE35192'!$A:$A, 0)), 1, 0) -> 1 | C5: =IF(ISNUMBER(MATCH($A5, 'GSE19496'!$A:$A, 0)), 1, 0) -> 1 | D5: =IF(ISNUMBER(MATCH($A5, 'GSE248521'!$A:$A, 0)), 1, 0) -> 1 | E5: =SUM(B5:D5) -> 3 | F5: =_xlfn.TEXTJOIN("+", TRUE, IF(B5=1,"Sig1",""), IF(C5=1,"Sig2",""), IF(D5=1,"SigRNA-Seq","")) -> Sig1+Sig2+SigRNA-Seq | G5: =IFERROR(_xlfn.XLOOKUP($A5, 'GSE35192'!$A:$A, 'GSE35192'!$Q:$Q), "") -> 1.0842633 | H5: =IFERROR(_xlfn.XLOOKUP($A5, 'GSE19496'!$A:$A, 'GSE19496'!$AC:$AC), "") -> 6.2746062 | I5: =IFERROR(_xlfn.XLOOKUP($A5, 'GSE248521'!$A:$A, 'GSE248521'!$Q:$Q), "") -> 2.6140611
A6: Ccl3 | B6: =IF(ISNUMBER(MATCH($A6, 'GSE35192'!$A:$A, 0)), 1, 0) -> 1 | C6: =IF(ISNUMBER(MATCH($A6, 'GSE19496'!$A:$A, 0)), 1, 0) -> 1 | D6: =IF(ISNUMBER(MATCH($A6, 'GSE248521'!$A:$A, 0)), 1, 0) -> 1 | E6: =SUM(B6:D6) -> 3 | F6: =_xlfn.TEXTJOIN("+", TRUE, IF(B6=1,"Sig1",""), IF(C6=1,"Sig2",""), IF(D6=1,"SigRNA-Seq","")) -> Sig1+Sig2+SigRNA-Seq | G6: =IFERROR(_xlfn.XLOOKUP($A6, 'GSE35192'!$A:$A, 'GSE35192'!$Q:$Q), "") -> 1.9853133 | H6: =IFERROR(_xlfn.XLOOKUP($A6, 'GSE19496'!$A:$A, 'GSE19496'!$AC:$AC), "") -> 4.7982431 | I6: =IFERROR(_xlfn.XLOOKUP($A6, 'GSE248521'!$A:$A, 'GSE248521'!$Q:$Q), "") -> 3.7448662
A7: Ccl4 | B7: =IF(ISNUMBER(MATCH($A7, 'GSE35192'!$A:$A, 0)), 1, 0) -> 0 | C7: =IF(ISNUMBER(MATCH($A7, 'GSE19496'!$A:$A, 0)), 1, 0) -> 1 | D7: =IF(ISNUMBER(MATCH($A7, 'GSE248521'!$A:$A, 0)), 1, 0) -> 1 | E7: =SUM(B7:D7) -> 2 | F7: =_xlfn.TEXTJOIN("+", TRUE, IF(B7=1,"Sig1",""), IF(C7=1,"Sig2",""), IF(D7=1,"SigRNA-Seq","")) -> Sig2+SigRNA-Seq | G7: =IFERROR(_xlfn.XLOOKUP($A7, 'GSE35192'!$A:$A, 'GSE35192'!$Q:$Q), "") | H7: =IFERROR(_xlfn.XLOOKUP($A7, 'GSE19496'!$A:$A, 'GSE19496'!$AC:$AC), "") -> 5.3961073 | I7: =IFERROR(_xlfn.XLOOKUP($A7, 'GSE248521'!$A:$A, 'GSE248521'!$Q:$Q), "") -> 2.6512925
A8: Ccl5 | B8: =IF(ISNUMBER(MATCH($A8, 'GSE35192'!$A:$A, 0)), 1, 0) -> 0 | C8: =IF(ISNUMBER(MATCH($A8, 'GSE19496'!$A:$A, 0)), 1, 0) -> 1 | D8: =IF(ISNUMBER(MATCH($A8, 'GSE248521'!$A:$A, 0)), 1, 0) -> 1 | E8: =SUM(B8:D8) -> 2 | F8: =_xlfn.TEXTJOIN("+", TRUE, IF(B8=1,"Sig1",""), IF(C8=1,"Sig2",""), IF(D8=1,"SigRNA-Seq","")) -> Sig2+SigRNA-Seq | G8: =IFERROR(_xlfn.XLOOKUP($A8, 'GSE35192'!$A:$A, 'GSE35192'!$Q:$Q), "") | H8: =IFERROR(_xlfn.XLOOKUP($A8, 'GSE19496'!$A:$A, 'GSE19496'!$AC:$AC), "") -> 5.9944097 | I8: =IFERROR(_xlfn.XLOOKUP($A8, 'GSE248521'!$A:$A, 'GSE248521'!$Q:$Q), "") -> 3.1679378
A9: Ccl6 | B9: =IF(ISNUMBER(MATCH($A9, 'GSE35192'!$A:$A, 0)), 1, 0) -> 0 | C9: =IF(ISNUMBER(MATCH($A9, 'GSE19496'!$A:$A, 0)), 1, 0) -> 1 | D9: =IF(ISNUMBER(MATCH($A9, 'GSE248521'!$A:$A, 0)), 1, 0) -> 1 | E9: =SUM(B9:D9) -> 2 | F9: =_xlfn.TEXTJOIN("+", TRUE, IF(B9=1,"Sig1",""), IF(C9=1,"Sig2",""), IF(D9=1,"SigRNA-Seq","")) -> Sig2+SigRNA-Seq | G9: =IFERROR(_xlfn.XLOOKUP($A9, 'GSE35192'!$A:$A, 'GSE35192'!$Q:$Q), "") | H9: =IFERROR(_xlfn.XLOOKUP($A9, 'GSE19496'!$A:$A, 'GSE19496'!$AC:$AC), "") -> 1.5558282 | I9: =IFERROR(_xlfn.XLOOKUP($A9, 'GSE248521'!$A:$A, 'GSE248521'!$Q:$Q), "") -> 1.2092101
A10: Ccl7 | B10: =IF(ISNUMBER(MATCH($A10, 'GSE35192'!$A:$A, 0)), 1, 0) -> 1 | C10: =IF(ISNUMBER(MATCH($A10, 'GSE19496'!$A:$A, 0)), 1, 0) -> 1 | D10: =IF(ISNUMBER(MATCH($A10, 'GSE248521'!$A:$A, 0)), 1, 0) -> 1 | E10: =SUM(B10:D10) -> 3 | F10: =_xlfn.TEXTJOIN("+", TRUE, IF(B10=1,"Sig1",""), IF(C10=1,"Sig2",""), IF(D10=1,"SigRNA-Seq","")) -> Sig1+Sig2+SigRNA-Seq | G10: =IFERROR(_xlfn.XLOOKUP($A10, 'GSE35192'!$A:$A, 'GSE35192'!$Q:$Q), "") -> 1.188355 | H10: =IFERROR(_xlfn.XLOOKUP($A10, 'GSE19496'!$A:$A, 'GSE19496'!$AC:$AC), "") -> 5.3452256 | I10: =IFERROR(_xlfn.XLOOKUP($A10, 'GSE248521'!$A:$A, 'GSE248521'!$Q:$Q), "") -> 2.385778
A11: Ccl8 | B11: =IF(ISNUMBER(MATCH($A11, 'GSE35192'!$A:$A, 0)), 1, 0) -> 1 | C11: =IF(ISNUMBER(MATCH($A11, 'GSE19496'!$A:$A, 0)), 1, 0) -> 1 | D11: =IF(ISNUMBER(MATCH($A11, 'GSE248521'!$A:$A, 0)), 1, 0) -> 1 | E11: =SUM(B11:D11) -> 3 | F11: =_xlfn.TEXTJOIN("+", TRUE, IF(B11=1,"Sig1",""), IF(C11=1,"Sig2",""), IF(D11=1,"SigRNA-Seq","")) -> Sig1+Sig2+SigRNA-Seq | G11: =IFERROR(_xlfn.XLOOKUP($A11, 'GSE35192'!$A:$A, 'GSE35192'!$Q:$Q), "") -> 3.30319 | H11: =IFERROR(_xlfn.XLOOKUP($A11, 'GSE19496'!$A:$A, 'GSE19496'!$AC:$AC), "") -> 3.1459103 | I11: =IFERROR(_xlfn.XLOOKUP($A11, 'GSE248521'!$A:$A, 'GSE248521'!$Q:$Q), "") -> 3.019838
A12: Ccl9 | B12: =IF(ISNUMBER(MATCH($A12, 'GSE35192'!$A:$A, 0)), 1, 0) -> 0 | C12: =IF(ISNUMBER(MATCH($A12, 'GSE19496'!$A:$A, 0)), 1, 0) -> 1 | D12: =IF(ISNUMBER(MATCH($A12, 'GSE248521'!$A:$A, 0)), 1, 0) -> 1 | E12: =SUM(B12:D12) -> 2 | F12: =_xlfn.TEXTJOIN("+", TRUE, IF(B12=1,"Sig1",""), IF(C12=1,"Sig2",""), IF(D12=1,"SigRNA-Seq","")) -> Sig2+SigRNA-Seq | G12: =IFERROR(_xlfn.XLOOKUP($A12, 'GSE35192'!$A:$A, 'GSE35192'!$Q:$Q), "") | H12: =IFERROR(_xlfn.XLOOKUP($A12, 'GSE19496'!$A:$A, 'GSE19496'!$AC:$AC), "") -> 2.1538789 | I12: =IFERROR(_xlfn.XLOOKUP($A12, 'GSE248521'!$A:$A, 'GSE248521'!$Q:$Q), "") -> 1.4165721
A13: Ccr1 | B13: =IF(ISNUMBER(MATCH($A13, 'GSE35192'!$A:$A, 0)), 1, 0) -> 0 | C13: =IF(ISNUMBER(MATCH($A13, 'GSE19496'!$A:$A, 0)), 1, 0) -> 0 | D13: =IF(ISNUMBER(MATCH($A13, 'GSE248521'!$A:$A, 0)), 1, 0) -> 1 | E13: =SUM(B13:D13) -> 1 | F13: =_xlfn.TEXTJOIN("+", TRUE, IF(B13=1,"Sig1",""), IF(C13=1,"Sig2",""), IF(D13=1,"SigRNA-Seq","")) -> SigRNA-Seq | G13: =IFERROR(_xlfn.XLOOKUP($A13, 'GSE35192'!$A:$A, 'GSE35192'!$Q:$Q), "") | H13: =IFERROR(_xlfn.XLOOKUP($A13, 'GSE19496'!$A:$A, 'GSE19496'!$AC:$AC), "") | I13: =IFERROR(_xlfn.XLOOKUP($A13, 'GSE248521'!$A:$A, 'GSE248521'!$Q:$Q), "") -> 2.2636106
A14: Ccr2 | B14: =IF(ISNUMBER(MATCH($A14, 'GSE35192'!$A:$A, 0)), 1, 0) -> 1 | C14: =IF(ISNUMBER(MATCH($A14, 'GSE19496'!$A:$A, 0)), 1, 0) -> 0 | D14: =IF(ISNUMBER(MATCH($A14, 'GSE248521'!$A:$A, 0)), 1, 0) -> 1 | E14: =SUM(B14:D14) -> 2 | F14: =_xlfn.TEXTJOIN("+", TRUE, IF(B14=1,"Sig1",""), IF(C14=1,"Sig2",""), IF(D14=1,"SigRNA-Seq","")) -> Sig1+SigRNA-Seq | G14: =IFERROR(_xlfn.XLOOKUP($A14, 'GSE35192'!$A:$A, 'GSE35192'!$Q:$Q), "") -> 3.0004383 | H14: =IFERROR(_xlfn.XLOOKUP($A14, 'GSE19496'!$A:$A, 'GSE19496'!$AC:$AC), "") | I14: =IFERROR(_xlfn.XLOOKUP($A14, 'GSE248521'!$A:$A, 'GSE248521'!$Q:$Q), "") -> 1.55636
... A33: Xcl1 | B33: =IF(ISNUMBER(MATCH($A33, 'GSE35192'!$A:$A, 0)), 1, 0) -> 0 | C33: =IF(ISNUMBER(MATCH($A33, 'GSE19496'!$A:$A, 0)), 1, 0) -> 1 | D33: =IF(ISNUMBER(MATCH($A33, 'GSE248521'!$A:$A, 0)), 1, 0) -> 0 | E33: =SUM(B33:D33) -> 1 | F33: =_xlfn.TEXTJOIN("+", TRUE, IF(B33=1,"Sig1",""), IF(C33=1,"Sig2",""), IF(D33=1,"SigRNA-Seq","")) -> Sig2 | G33: =IFERROR(_xlfn.XLOOKUP($A33, 'GSE35192'!$A:$A, 'GSE35192'!$Q:$Q), "") | H33: =IFERROR(_xlfn.XLOOKUP($A33, 'GSE19496'!$A:$A, 'GSE19496'!$AC:$AC), "") -> 1.0831527 | I33: =IFERROR(_xlfn.XLOOKUP($A33, 'GSE248521'!$A:$A, 'GSE248521'!$Q:$Q), "")

Sheet All_shared_genes
B1: GSE35192 | C1: GSE19496 | D1: GSE248521 | E1: Total Shared Per Gene | F1: Named TSPG | G1: Sig1 Log2FC | H1: Sig2 Log2FC | I1: Sig RNA-Seq Log2FC | J1: Average Log2FC | K1: Standard Deviation LogFC
A2: Cxcl10 | B2: 1 | C2: 1 | D2: 1 | E2: 3 | F2: Sig1+Sig2+SigRNA-Seq | G2: 2.4313617 | H2: 6.811374 | I2: 2.7851598 | J2: =AVERAGE(G2:I2) -> 4.0092985 | K2: =_xlfn.STDEV.S(G2:I2) -> 2.4331078
A3: Ccl3 | B3: 1 | C3: 1 | D3: 1 | E3: 3 | F3: Sig1+Sig2+SigRNA-Seq | G3: 1.9853133 | H3: 4.7982431 | I3: 3.7448662 | J3: =AVERAGE(G3:I3) -> 3.5094742 | K3: =_xlfn.STDEV.S(G3:I3) -> 1.4211617
A4: Ccl2 | B4: 1 | C4: 1 | D4: 1 | E4: 3 | F4: Sig1+Sig2+SigRNA-Seq | G4: 1.0842633 | H4: 6.2746062 | I4: 2.6140611 | J4: =AVERAGE(G4:I4) -> 3.3243102 | K4: =_xlfn.STDEV.S(G4:I4) -> 2.6670687
A5: Ccl8 | B5: 1 | C5: 1 | D5: 1 | E5: 3 | F5: Sig1+Sig2+SigRNA-Seq | G5: 3.30319 | H5: 3.1459103 | I5: 3.019838 | J5: =AVERAGE(G5:I5) -> 3.1563127 | K5: =_xlfn.STDEV.S(G5:I5) -> 0.14196215
A6: Ccl7 | B6: 1 | C6: 1 | D6: 1 | E6: 3 | F6: Sig1+Sig2+SigRNA-Seq | G6: 1.188355 | H6: 5.3452256 | I6: 2.385778 | J6: =AVERAGE(G6:I6) -> 2.9731195 | K6: =_xlfn.STDEV.S(G6:I6) -> 2.1397712
A7: Ccl12 | B7: 1 | C7: 1 | D7: 1 | E7: 3 | F7: Sig1+Sig2+SigRNA-Seq | G7: 1.584975 | H7: 3.0749937 | I7: 2.9612145 | J7: =AVERAGE(G7:I7) -> 2.5403944 | K7: =_xlfn.STDEV.S(G7:I7) -> 0.82937093
A8: Cxcl9 | B8: 1 | C8: 1 | D8: 1 | E8: 3 | F8: Sig1+Sig2+SigRNA-Seq | G8: 2.579565 | H8: 2.6724271 | I8: 1.1885578 | J8: =AVERAGE(G8:I8) -> 2.14685 | K8: =_xlfn.STDEV.S(G8:I8) -> 0.83120317
A9: Il10ra | B9: 1 | C9: 1 | D9: 1 | E9: 3 | F9: Sig1+Sig2+SigRNA-Seq | G9: 1.2697717 | H9: 2.1447576 | I9: 1.5053525 | J9: =AVERAGE(G9:I9) -> 1.6399606 | K9: =_xlfn.STDEV.S(G9:I9) -> 0.45275776
